id;e_mpid;e_mpname;u_nitid;p_romisedate;c_omments;b_usinessproposalno;s_ubproposalno;m_obileno;a_ccountno;account_title;o_d_days;o_s_amount;o_s_profit;c_roid;c_roname;r_elationid;w_illingtopay;f_ollowupdate;d_elinquencyreason;v_isitedby;c_reatedon
1;Identity;Summit;Handmade;2021-01-18;knowledge user Ecuador Technician;bluetooth exploit;solutions compressing;Investment Account;withdrawal;Barbados;42408;82081;20371;concept olive;Rustic Director;salmon New Leu input;Auto Loan Account Points Dynamic;2021-01-18;Utah Somali Shilling;Kwanza;2021-01-18
2;Rustic Concrete Bike lime Technician;Suriname;Intranet;2021-01-17;bandwidth;success Cuban Peso Peso Convertible strategy;copying;sexy client-server;hacking Solutions Research;parsing;4688;80827;35413;Virgin Islands, U.S. silver;Iceland Krona;logistical;Direct Tasty protocol;2021-01-17;Ohio China virtual;connecting;2021-01-17
3;Credit Card Account;Administrator bifurcated Egypt;Computers teal;2021-01-18;User-friendly;Small monitor cyan;initiatives Lodge Metrics;Buckinghamshire;Marketing;Falls Mission;86259;9178;97715;program Markets;Rwanda Franc;cross-platform;override;2021-01-18;Multi-layered backing up online;e-tailers;2021-01-17
4;Advanced hacking protocol;granular Buckinghamshire;middleware aggregate sky blue;2021-01-17;Buckinghamshire International;Investment Account RAM Tools;Nevada;Sausages Unbranded Fiji;withdrawal;moderator protocol;97110;54309;31229;Berkshire programming Creative;synergize;TCP bypassing Optimized;California Brand Customer;2021-01-18;generate Steel;Games Credit Card Account;2021-01-18
5;invoice;Saint Martin Handcrafted indexing;Chicken;2021-01-17;Auto Loan Account;Money Market Account protocol;Multi-channelled;Soft Croatia Cheese;Movies Licensed Cotton Keyboard;Handmade Steel Bacon Crescent;19490;8970;12039;Niger;protocol Group;Sleek invoice;Configurable Baby;2021-01-18;Branding Digitized Cotton;Cross-platform Data Fantastic Steel Sausages;2021-01-17
6;Personal Loan Account;e-markets Money Market Account;Dynamic;2021-01-18;Berkshire;Sports encompassing;Officer Pants Jewelery;Dynamic;withdrawal orchid repurpose;Metrics;75088;16953;82873;withdrawal;Pa'anga Burundi Afghani;quantifying parsing quantifying;Belarussian Ruble override;2021-01-18;Algerian Dinar optimize;Avon;2021-01-18
7;Slovakia (Slovak Republic);uniform plum Rwanda;Metal;2021-01-17;innovate artificial intelligence Soap;Senior;Personal Loan Account Investment Account matrix;Branding architect Music;multi-tasking even-keeled deposit;Junctions Azerbaijanian Manat harness;9179;45147;89611;Progressive Costa Rican Colon;deposit;copy Oklahoma;grey Rand Namibia Dollar indexing;2021-01-17;hybrid;invoice;2021-01-17
8;Phased 24/7;Shirt solid state Central;HTTP Orchestrator Rhode Island;2021-01-17;Refined Steel Soap;New Hampshire;rich;Shoals Plastic Internal;uniform;dynamic;21421;78853;84578;protocol Investor;synthesize;Berkshire drive Islands;Nevada Baby Books;2021-01-17;Program Program Global;Personal Loan Account Games Practical Plastic Shoes;2021-01-17
9;bandwidth transmitting;maximize Vanuatu Central;Sleek;2021-01-17;seamless;neural methodologies;haptic seize online;benchmark;copying Junctions Checking Account;cyan;15990;75163;13847;Assurance;multi-byte global;Credit Card Account wireless;reboot;2021-01-17;Tuna Borders Games;platforms Light;2021-01-17
10;Nevada optical Research;Handmade Concrete Keyboard deliverables;Organized;2021-01-18;Group e-commerce;Chair Alabama Texas;withdrawal Berkshire Outdoors;Visionary;Producer Gorgeous Granite Bike;Metal Cambridgeshire;90045;23077;17309;Bolivar Fuerte;Squares connecting;asynchronous Investor Applications;Branding TCP;2021-01-17;Auto Loan Account Decentralized multi-byte;Horizontal;2021-01-18
